Season,Transplant,Growth,Harvest,'Products name','Crops Type','Normalized Max Temp','Normalized Min Temp','Normalized Min RH','Normalized Max RH',Cluster
'Kharif 1',March,'April to july',Aug,'Aus Rice(Local: Broadcasted)',Cereals,0.833333,0.318182,0.615385,0.727273,B
'Kharif 1',March,'April to june',July,'Aus Rice(HYV: Transplant)',Cereals,0.833333,0.318182,0.615385,0.727273,C
'Kharif 1',March,'April to May','June to July','Maize 2',Cereals,0.633333,0.681818,0.615385,0.727273,A
'Kharif 1',Feb,'March to May',June,'Mungbean 2',Pulses,0.5,0.681818,0,0.727273,E
'Kharif 1',July,'Aug to Oct','Oct to Nov','Soybean 2','Oil Seeds',0.666667,0.454545,0.230769,0.636364,E
'Kharif 1',May,'June to Sep',Oct,'Groundnut 2','Oil Seeds',0.666667,0.681818,0.923077,0.818182,A
'Kharif 1',March,'April to Aug',Sep,'Ridge Gourd',Vegetables,0.666667,0.909091,1,0.818182,A
'Kharif 1',March,'April to Aug','Sep to Oct','Indian Spinach(Pui shakh)',Vegetables,0.166667,0.454545,0.846154,0.909091,A
'Kharif 1',March,'April to Aug','Sep to Oct','Kang Kong(Kolomi Shakh)',Vegetables,0.666667,0.681818,0.923077,1,A
'Kharif 1',July,'Sep to March',March,'Egg plant',Vegetables,1,0.818182,0.461538,0.727273,A
'Kharif 1',June,'Aug to Feb',March,'Hyacinth Bean',Vegetables,0.333333,0.545455,0.861538,0.890909,A
'Kharif 1',Feb,'March to June','June to July','Onion 2',Vegetables,0.5,0.681818,0.692308,0.545455,A
'Kharif 1',March,'April to Aug',Sep,Jute(Capsularis),Fibre,0.833333,0.681818,0.769231,0.636364,A
'Kharif 1',April,'May to Aug',Sep,Jute(Olitorius),Fibre,0.833333,0.681818,0.769231,0.636364,B
'Kharif 1',April,'June to Aug','Mid Aug to  Oct',Jowar,Staple,0.566667,1,0.692308,0.545455,B
'Kharif 1',March,'April to July','July to Oct','Sunn Hemp 1','Oil Seeds',0.4,0.590909,0.307692,0.454545,E
'Kharif 1',April,'May to Aug','Oct to Dec','Cotton 1',Fibre,0.666667,0.681818,0.353846,0.563636,B
'Kharif 1',April,'May to Dec','Dec to March',Turmeric,Vegetables,0.5,0.681818,0.384615,0.636364,B
'Kharif 1',June,'July to Nov','Nov to April',Beans,Vegetables,0.233333,0.227273,0.615385,0.545455,A
'Kharif 1',April,'May to June','June to Sep','Ladys Finger',Vegetables,0.5,0.227273,0.846154,0.727273,B
'Kharif 1',April,'May to July','July to Sep',Kakrol,Vegetables,0.5,0.681818,0.615385,0.727273,A
'Kharif 1',April,'May to June','June to Aug','Jhinga(Ribbed Gourd)',Vegetables,0.433333,0.590909,0.769231,0.818182,A
'Kharif 1',March,'April to July','July to Oct','Chal Kumra(White Gourd)',Vegetables,0.4,0.590909,0.692308,0.727273,A
'Kharif 1',April,'May to Sep','Sep to Feb','Mukhi Kachu(Taro)',Vegetables,0,0.136364,0.692308,0.818182,B
'Kharif 1',April,'No need to do','April to June','Litchi 1',Fruits,0.433333,0.045455,0.769231,0.727273,B
'Kharif 1',April,'No need to do','April to June','Mango 1',Fruits,0.7,1,0.461538,0.818182,B
'Kharif 1',April,'No need to do','April to June','Jackfruit 1',Fruits,1.066667,0.772727,0.769231,0.909091,B
'Kharif 1',April,'No need to do','Jan to March','Safeda(Sapota) 1',Fruits,0.766667,0.227273,0.615385,0.636364,B
'Kharif 1',April,'No need to do','May to July','Safeda(Sapota) 2',Fruits,0.766667,0.227273,0.615385,0.636364,B
'Kharif 1',April,'No need to do','May to June','Pomelo 1',Fruits,0.5,0.909091,0.769231,0.818182,B
'Kharif 1',April,'No need to do','Throuout The year',Guava,Fruits,0.666667,0.818182,0.461538,0.727273,B
'Kharif 1',April,'No need to do','Feb to March','Date Palm',Fruits,0.666667,0.045455,0.615385,0.727273,B
'Kharif 1',April,'No need to do','Throuout The year','Dalim(Pomegranate) 1',Fruits,0.766667,0,0.769231,0.909091,B
'Kharif 1',April,'No need to do','Feb to March','Ber 1',Fruits,0.6,0.590909,0.615385,0.727273,B
Rabi,Nov,'Dec to March',April,'Boro(HYV: Transplant)',Cereals,0.833333,0.318182,0.615385,0.727273,C
Rabi,Dec,'Jan  to  March',April,Wheat,Cereals,0.166667,0.477273,0.461538,0.272727,C
Rabi,Dec,'Jan  to  March',April,'Maize 1',Cereals,0.4,0.409091,0.461538,0.454545,C
Rabi,Sep,'Oct to Feb',March,'Mungbean 1',Pulses,0.5,0.681818,0,0.727273,E
Rabi,Dec,'Jan to  April',May,'Soybean 1','Oil Seeds',0.333333,0.454545,0.153846,0.454545,E
Rabi,Oct,'Nov to March','March to April','Groundnut 1','Oil Seeds',0.666667,0.681818,0.923077,0.818182,E
Rabi,Nov,'Dec to Jan',Feb,'Sesame 1','Oil Seeds',0.666667,1,0.307692,0.090909,E
Rabi,Feb,'March to July','Aug to Sep','Bitter Gourd',Vegetables,0.4,0.863636,1,0.818182,A
Rabi,Feb,'March to Aug','Aug to Sep','Snake Gourd',Vegetables,0.766667,0.909091,1,0.818182,A
Rabi,Feb,'April to July','Aug to Sep','Sweet Gourd',Vegetables,0.333333,0.590909,0,0.272727,E
Rabi,March,'April to Aug',Sep,'Stem Amaranth(Danta Shakh)',Vegetables,0.566667,0.590909,0.846154,0.727273,A
Rabi,Nov,'Jan to May',June,Orange,Fruits,0.5,0.454545,0.953846,0.727273,C
Rabi,Jan,'Jan to Jan',Jan,Lemon,Fruits,0.333333,0.227273,0.615385,0.909091,C
Rabi,Jan,'Jan to Jan',Jan,Banana,Fruits,0.666667,0.454545,0.846154,0.727273,C
Rabi,Nov,'Dec to Feb',March,'Green Pea',Vegetables,0.233333,0.454545,0.923077,0.818182,A
Rabi,Jan,'Feb to Aug','Sep to Oct',Okra,Vegetables,0.466667,0.681818,0.769231,0.909091,A
Rabi,Oct,'Nov to Jan',Feb,'Onion 1',Vegetables,0.333333,0.681818,0.692308,0.545455,D
Rabi,Nov,'Dec to March',April,'Sweet Potatoes',Vegetables,0.3,0.545455,0.769231,0.818182,C
Rabi,Nov,'Dec to March','Mid March to  mid aug',Kaong,Fruits,0.333333,0.227273,0.846154,0.909091,C
Rabi,Nov,'Dec to Feb','Feb to April',Cheena,Fruits,0.333333,0.545455,0.307692,0.727273,C
Rabi,Feb,'March to May','May to June','Teel 1',Vegetables,0.5,0.681818,0.461538,0.727273,C
Rabi,Dec,'Jan to May','May to July',Kakora,Vegetables,0.5,0.681818,0,0.181818,E
'Kharif 2',June,'July to  Oct','Nov to Dec','Aman Rice(Local: Transplant)',Cereals,0.833333,0.318182,0.615385,0.727273,D
'Kharif 2',Sep,'Oct to Jan',Feb,Potato,Tubers,0.383333,0.454545,1,0.818182,D
'Kharif 2',Oct,'Nov  to  Feb','Feb to March',Lentiles,Pulses,0.166667,0.227273,1,0.909091,D
'Kharif 2',Nov,'Dec to March','March to April',Chickpea,Pulses,0.383333,0.454545,0.076923,0.727273,C
'Kharif 2',Aug,'Sep to Oct',Nov,Blackgram,Pulses,0.666667,0.681818,0.076923,0,D
'Kharif 2',Oct,'Nov  to  Jan',Feb,Mustard,'Oil Seeds',0.333333,0.227273,0.769231,0.909091,D
'Kharif 2',March,'April to July','July to Aug','Sesame 2','Oil Seeds',0.5,0.681818,0.307692,0.090909,E
'Kharif 2',July,'Sep to Feb',March,'Bottle Gourd',Vegetables,0.666667,0.590909,0.846154,0.727273,A
'Kharif 2',Sep,'Nov to March','March to jun',Cucumber,Vegetables,0.666667,0.590909,0.615385,0.818182,D
'Kharif 2',Sep,'Nov to Jan',Feb,Cauliflower,Vegetables,0.5,0.136364,0.769231,0.727273,D
'Kharif 2',Sep,'Oct to Feb',March,'Chinese Cabbage',Vegetables,0.3,0.136364,0.769231,0.727273,D
'Kharif 2',Oct,'Nov to Feb',March,Radish,Vegetables,0.233333,0.227273,0.846154,0.909091,D
'Kharif 2',Oct,'Nov to Feb',March,Carrot,Vegetables,0.2,0.454545,0.415385,0.745455,D
'Kharif 2',Sep,'Oct to Jan',Feb,Cabbage,Vegetables,0.3,0.227273,0.615385,0.818182,D
'Kharif 2',Oct,'Nov to Aug','Aug to Sep','Suger Can',Fruits,0.766667,0.681818,0.384615,0.727273,D
'Kharif 2',Sep,'Oct to Feb',March,Jujube,Fruits,0.333333,0.454545,0.615385,0.636364,C
'Kharif 2',Sep,'Sep to May','June to Aug','Pine Apple',Fruits,0.666667,0.590909,0.769231,0.636364,B
'Kharif 2',Aug,'Sep to Jan',Jan,Tomato,Vegetables,0.5,0.590909,0.923077,0.818182,D
'Kharif 2',Oct,'Nov to Feb',March,'Yardlong Bean',Vegetables,0.4,0.727273,0.769231,0.636364,D
'Kharif 2',Oct,'Nov to Jan',Feb,Garlic,Vegetables,0.5,0.681818,0.692308,0.454545,D
'Kharif 2',Oct,'Nov to Jan',Feb,Coriander(Dhonia),Vegetables,0.2,0.590909,0.846154,0.727273,D
'Kharif 2',Aug,'Sep to Jan',Feb,Spinach,Vegetables,0.5,0.318182,0.692308,0.545455,D
'Kharif 2',Oct,'Dec to Feb','Feb to April',Barley,Cereals,0.333333,0.318182,0.923077,0.909091,D
'Kharif 2',Sep,'Oct to Feb','Feb to April','Sunn Hemp 2','Oil Seeds',0.4,0.590909,0.461538,0.727273,D
'Kharif 2',Aug,'Sep to Feb','Feb to April','Cotton 2',Fibre,0.5,0.590909,0.353846,0.563636,D
'Kharif 2',Oct,'Nov  to  Jan',Feb,RapeSeed,'Oil Seeds',0.333333,0.227273,0.769231,0.909091,D
'Kharif 2',Sep,'Oct to Dec',Dec,'Teel 2',Vegetables,0.5,0.681818,0.461538,0.727273,D
'Kharif 2',Oct,'Nov to March','March to May',Linseed,Vegetables,0.5,0.454545,0.461538,0.454545,D
'Kharif 2',Sep,'Oct to Dec','December to April',Barbati,Vegetables,0.5,0.681818,0.615385,0.727273,D
'Kharif 2',Oct,'Nov to Feb','Feb to April',Kheshari,Vegetables,0.333333,0.227273,0,0,D
'Kharif 2',Oct,'Nov to March','March to April','Motor(Field Pea)',Vegetables,0.5,0.454545,0.846154,0.818182,D
'Kharif 2',Oct,'Nov to Feb','Feb to April',Tobacco,Nicotine,0.166667,0.454545,0.461538,0.727273,D
'Kharif 2',Sep,'Oct to Dec','Dec to Feb','Oal Kapi(Knol Khol)',Vegetables,0.566667,0.454545,0.492308,0.454545,D
'Kharif 2',Sep,'Oct to Nov','Nov to Feb',Shalgam(Turnip),Vegetables,0.3,0,0.769231,0.909091,D
'Kharif 2',Sep,'Oct to Dec','Dec to April',Beetroot,Vegetables,0.3,0,0.769231,0.818182,D
'Kharif 2',Oct,'Nov to Dec','Dec to Feb',Lettuce,Vegetables,0.3,0.090909,0.461538,0.454545,D
'Kharif 2',July,'Aug to Jan','Jan to March','Water Gourd',Vegetables,0.666667,0.590909,0.846154,0.727273,D
'Kharif 2',Aug,'Sep to Jan','Jan to March',Patal,Vegetables,0.666667,0.681818,0.615385,0.727273,D
'Kharif 2',Oct,'Nov to Feb','Feb to June','Water Melon',Fruits,0.6,0.227273,0.692308,0.636364,D
'Kharif 2',Oct,'Nov to Feb','Feb to June',Melon,Fruits,0.6,0.227273,0.692308,0.636364,D
'Kharif 2',Oct,'Nov to Feb','Feb to June','Kharmuj(Musk Melon)',Fruits,0.6,0.227273,0.692308,0.636364,D
'Kharif 2',Sep,'No need to do','April to June','Litchi 2',Fruits,0.433333,0.045455,0.769231,0.727273,B
'Kharif 2',Sep,'No need to do','April to June','Mango 2',Fruits,0.7,1,0.461538,0.818182,B
'Kharif 2',Sep,'No need to do','April to June','Jackfruit 2',Fruits,1.066667,0.772727,0.769231,0.909091,B
'Kharif 2',Sep,'No need to do','May to June','Pomelo 2',Fruits,0.5,0.909091,0.769231,0.818182,B
'Kharif 2',Sep,'No need to do','Throuout The year','Dalim(Pomegranate) 2',Fruits,0.766667,0,0.769231,0.909091,B
'Kharif 2',Sep,'No need to do','Feb to March','Ber 2',Fruits,0.5,0.681818,0.615385,0.727273,B
